<prescripciones>
      <prescripcion>
          <codigoMedicacion>1</codigoMedicacion>
          <nombreMedicamento>Procrastin-X</nombreMedicamento>
          <marcaMedicamento>null</marcaMedicamento>
          <nombrePaciente>John Smith</nombrePaciente>
          <fechaPrescripcion>15/01/2024</fechaPrescripcion>
          <nombreMedico>John Dorian</nombreMedico>
      </prescripcion>
      <prescripcion>
          <codigoMedicacion>1</codigoMedicacion>
          <nombreMedicamento>Procrastin-X</nombreMedicamento>
          <marcaMedicamento>null</marcaMedicamento>
          <nombrePaciente>John Smith</nombrePaciente>
          <fechaPrescripcion>15/01/2021</fechaPrescripcion>
          <nombreMedico>John Dorian</nombreMedico>
      </prescripcion>
      <prescripcion>
          <codigoMedicacion>1</codigoMedicacion>
          <nombreMedicamento>Procrastin-X</nombreMedicamento>
          <marcaMedicamento>null</marcaMedicamento>
          <nombrePaciente>John Smith</nombrePaciente>
          <fechaPrescripcion>24/4/2008</fechaPrescripcion>
          <nombreMedico>John Dorian</nombreMedico>
      </prescripcion>
      <prescripcion>
          <codigoMedicacion>1</codigoMedicacion>
          <nombreMedicamento>Procrastin-X</nombreMedicamento>
          <marcaMedicamento>null</marcaMedicamento>
          <nombrePaciente>John Smith</nombrePaciente>
          <fechaPrescripcion>18/06/2024</fechaPrescripcion>
          <nombreMedico>John Dorian</nombreMedico>
      </prescripcion>
      <prescripcion>
          <codigoMedicacion>7</codigoMedicacion>
          <nombreMedicamento>CardioPlus</nombreMedicamento>
          <marcaMedicamento>General Pharma</marcaMedicamento>
          <nombrePaciente>John Smith</nombrePaciente>
          <fechaPrescripcion>15/01/2024</fechaPrescripcion>
          <nombreMedico>John Dorian</nombreMedico>
      </prescripcion>
</prescripciones>
